{
  "meta": {
    "name": "PULSAR V14 Design Tokens",
    "version": "14.0",
    "date": "2026-02-25",
    "philosophy": "Semantic colors invariant across themes; only neutrals switch."
  },
  "semantic": {
    "critical": "#D63C3C",
    "severe": "#F08A2B",
    "moderate": "#E5C84B",
    "mild": "#5FA8FF",
    "stable": "#3BC17A",
    "vps": "#6C7CFF",
    "tde": "#2FD1C8",
    "pve": "#B96BFF",
    "accent": "#2FD1C8"
  },
  "neutral": {
    "dark": {
      "bg0": "#0B0F14",
      "bg1": "#0F1520",
      "bg2": "#141C2A",
      "card": "#101827",
      "border": "#233046",
      "text": "#E8EEF7",
      "text2": "#A9B6CC",
      "text3": "#7F8CA6",
      "shadow": "0 10px 30px rgba(0,0,0,.35)"
    },
    "light": {
      "bg0": "#F7F8FA",
      "bg1": "#F0F2F5",
      "bg2": "#E8ECF2",
      "card": "#FFFFFF",
      "border": "#D9E0EA",
      "text": "#101828",
      "text2": "#344054",
      "text3": "#667085",
      "shadow": "0 12px 28px rgba(16,24,40,.12)"
    }
  },
  "radius": {
    "badge": 10,
    "button": 8,
    "card": 10,
    "modal": 14
  },
  "space": {
    "u": 4,
    "xs": 8,
    "sm": 12,
    "md": 16,
    "lg": 20,
    "xl": 24,
    "2xl": 32
  },
  "type": {
    "family": {
      "ui": "Inter",
      "mono": "JetBrains Mono"
    },
    "sizes": {
      "score": [
        48,
        56,
        64
      ],
      "h1": 32,
      "h2": 24,
      "h3": 20,
      "body": 14,
      "body2": 13,
      "meta": 12,
      "label": 11
    }
  }
}