{
  "meta": {
    "name": "PULSAR V14 Tokens",
    "version": "14.0",
    "date": "2026-02-25"
  },
  "color": {
    "semantic": {
      "critical": "#B0122B",
      "severe": "#D97706",
      "moderate": "#D4A106",
      "light": "#3AA3FF",
      "stable": "#16A34A",
      "vps": "#7C3AED",
      "tde": "#06B6D4",
      "pve": "#F97316",
      "accent": "#7C3AED"
    },
    "neutral": {
      "dark": {
        "bg0": "#0B0F1A",
        "bg1": "#0F1627",
        "card": "#111A2E",
        "text": "#EAEFF7",
        "muted": "#A7B2C6",
        "muted2": "#7D8AA3",
        "border": "#23304B"
      },
      "light": {
        "bg0": "#F7F8FB",
        "bg1": "#F1F3F7",
        "card": "#FFFFFF",
        "text": "#0F172A",
        "muted": "#334155",
        "muted2": "#64748B",
        "border": "#D8DEE9"
      }
    }
  },
  "typography": {
    "family": {
      "ui": "Inter",
      "mono": "JetBrains Mono"
    }
  },
  "spacing_px": {
    "unit": 4,
    "radius": {
      "button": 6,
      "card": 8,
      "modal": 12
    }
  },
  "motion_ms": {
    "fast": 150,
    "theme": 300,
    "panel": 420
  }
}